allele_name	number_of_found_in_database	samples_possessing_the_allele
TRAV1-2*01/n01	14	HG00171-v12-clr,HG01114-v12-clr,HG01596-v12-clr,HG02011-v12-clr,HG02492-v12-clr,HG03009-v12-clr,HG03065-v12-clr,HG03125-v12-ccs,HG03371-v12-clr,HG03486-v12-ccs,NA18534-v12-clr,NA19983-v12-clr,NA19238-consensus,HG002-consensus
TRAV10*01/n01	9	HG03732-v12-clr,NA18939-v12-clr,NA19238-consensus,HG00731-consensus,HG00733-consensus,NA19240-consensus,HG00514-consensus,NA19239-consensus,HG00513-consensus
TRAV10*01/n02	1	HG00512-consensus
TRAV10*01/n03	1	HG03125-v12-ccs
TRAV10*01/n04	1	HG02818-v12-ccs
TRAV10*01/n05	1	HG01596-v12-clr
TRAV11*01/n01	9	HG00864-v12-clr,HG01114-v12-clr,HG02492-v12-clr,HG02818-v12-ccs,HG03486-v12-ccs,NA18534-v12-clr,HG00512-consensus,HG00514-consensus,HG00513-consensus
TRAV12-1*01/n01	2	HG03009-v12-clr,HG03125-v12-ccs
TRAV12-1*01/n02	2	HG01114-v12-clr,HG01505-v12-clr
TRAV12-1*01/n03	1	NA18534-v12-clr
TRAV12-2*01/n01	1	NA20509-v12-clr
TRAV13-1*02/n01	1	HG03009-v12-clr
TRAV13-2*01/n01	6	HG02011-v12-clr,HG02492-v12-clr,HG02587-v12-clr,NA19983-v12-clr,HG00733-consensus,HG00732-consensus
TRAV13-2*01/n02	5	HG01114-v12-clr,HG03125-v12-ccs,HG03486-v12-ccs,NA19240-consensus,NA19239-consensus
TRAV14/DV4*01/n01	3	NA19650-v12-clr,HG00733-consensus,HG00731-consensus
TRAV14/DV4*02/n01	7	HG00096-v12-clr,HG02011-v12-clr,HG02492-v12-clr,HG02587-v12-clr,NA19983-v12-clr,NA19238-consensus,NA19240-consensus
TRAV14/DV4*02/n02	1	HG01114-v12-clr
TRAV14/DV4*03/n01	2	NA19240-consensus,NA19239-consensus
TRAV14/DV4*03/n02	1	NA19238-consensus
TRAV15*01/n01	5	HG02587-v12-clr,HG03065-v12-clr,NA19983-v12-clr,NA19240-consensus,NA19239-consensus
TRAV15*01/n02	5	HG01505-v12-clr,HG02492-v12-clr,HG02587-v12-clr,HG03065-v12-clr,HG03125-v12-ccs
TRAV15*01/n03	1	HG03371-v12-clr
TRAV16*01/n01	1	HG00096-v12-clr
TRAV17*01/n01	1	HG01114-v12-clr
TRAV18*01/n01	1	HG02587-v12-clr
TRAV19*01/n01	9	HG00171-v12-clr,HG01596-v12-clr,HG02587-v12-clr,HG02818-v12-ccs,HG03732-v12-clr,NA19983-v12-clr,NA19238-consensus,HG001-consensus,HG002-consensus
TRAV19*01/n02	3	NA19650-v12-clr,HG00733-consensus,HG00731-consensus
TRAV19*01/n03	1	NA18939-v12-clr
TRAV2*01/n01	2	HG03065-v12-clr,NA19983-v12-clr
TRAV23/DV6*01/n01	10	HG00171-v12-clr,HG00864-v12-clr,HG02818-v12-ccs,HG03009-v12-clr,HG03486-v12-ccs,HG03683-v12-clr,NA12329-v12-clr,NA18534-v12-clr,HG001-consensus,HG00512-consensus
TRAV25*01/n01	11	HG00096-v12-clr,HG01505-v12-clr,HG03683-v12-clr,HG03732-v12-clr,NA12329-v12-clr,NA20509-v12-clr,HG00732-consensus,HG00512-consensus,HG00731-consensus,HG00733-consensus,HG002-consensus
TRAV25*01/n02	3	HG02587-v12-clr,HG03486-v12-ccs,NA19983-v12-clr
TRAV26-1*01/n01	20	HG00096-v12-clr,HG00171-v12-clr,HG00864-v12-clr,HG01114-v12-clr,HG01505-v12-clr,HG02492-v12-clr,HG02818-v12-ccs,HG03009-v12-clr,HG03125-v12-ccs,HG03371-v12-clr,HG03486-v12-ccs,HG03683-v12-clr,NA18534-v12-clr,NA18939-v12-clr,NA20509-v12-clr,NA20847-v12-clr,HG00732-consensus,HG001-consensus,HG002-consensus,CHM13-consensus
TRAV26-1*01/n02	1	HG01114-v12-clr
TRAV27*01/n01	21	HG00096-v12-clr,HG00864-v12-clr,HG01114-v12-clr,HG01596-v12-clr,HG02492-v12-clr,HG02818-v12-ccs,HG03009-v12-clr,HG03065-v12-clr,HG03125-v12-ccs,HG03371-v12-clr,HG03486-v12-ccs,HG03683-v12-clr,HG03732-v12-clr,NA18534-v12-clr,NA20509-v12-clr,NA20847-v12-clr,NA19238-consensus,NA19240-consensus,HG00512-consensus,HG002-consensus,HG00513-consensus
TRAV27*01/n02	1	NA18939-v12-clr
TRAV28*01/n01	26	HG00096-v12-clr,HG00864-v12-clr,HG01596-v12-clr,HG02492-v12-clr,HG02587-v12-clr,HG02818-v12-ccs,HG03009-v12-clr,HG03065-v12-clr,HG03125-v12-ccs,HG03371-v12-clr,HG03683-v12-clr,HG03732-v12-clr,NA18534-v12-clr,NA18939-v12-clr,NA19650-v12-clr,NA19983-v12-clr,NA20509-v12-clr,NA20847-v12-clr,NA19238-consensus,HG00732-consensus,HG00512-consensus,NA19240-consensus,HG001-consensus,HG002-consensus,HG00513-consensus,NA19239-consensus
TRAV29/DV5*01/n01	21	HG00096-v12-clr,HG00864-v12-clr,HG01596-v12-clr,HG02492-v12-clr,HG02818-v12-ccs,HG03009-v12-clr,HG03065-v12-clr,HG03371-v12-clr,HG03486-v12-ccs,HG03683-v12-clr,HG03732-v12-clr,NA18534-v12-clr,NA18939-v12-clr,NA19983-v12-clr,NA20509-v12-clr,NA19238-consensus,HG00732-consensus,HG00512-consensus,HG001-consensus,HG002-consensus,HG00513-consensus
TRAV30*01/n01	14	HG00096-v12-clr,HG00864-v12-clr,HG01596-v12-clr,HG02492-v12-clr,HG03009-v12-clr,HG03371-v12-clr,HG03683-v12-clr,HG03732-v12-clr,NA18534-v12-clr,NA18939-v12-clr,NA20509-v12-clr,HG00512-consensus,HG002-consensus,HG00513-consensus
TRAV30*01/n02	6	HG03486-v12-ccs,NA19983-v12-clr,NA19238-consensus,HG00732-consensus,HG001-consensus,HG002-consensus
TRAV30*01/n03	1	HG00864-v12-clr
TRAV30*04/n01	4	HG02587-v12-clr,NA19650-v12-clr,NA19983-v12-clr,NA19239-consensus
TRAV31*01/n01	32	HG00096-v12-clr,HG00171-v12-clr,HG00864-v12-clr,HG01114-v12-clr,HG01505-v12-clr,HG01596-v12-clr,HG02492-v12-clr,HG02587-v12-clr,HG03009-v12-clr,HG03065-v12-clr,HG03125-v12-ccs,HG03371-v12-clr,HG03486-v12-ccs,HG03683-v12-clr,HG03732-v12-clr,NA12329-v12-clr,NA18534-v12-clr,NA18939-v12-clr,NA19650-v12-clr,NA19983-v12-clr,NA20509-v12-clr,NA20847-v12-clr,NA19238-consensus,CHM13-consensus,HG00512-consensus,HG00731-consensus,HG00733-consensus,NA19240-consensus,HG002-consensus,HG00514-consensus,NA19239-consensus,HG00513-consensus
TRAV31*01/n02	3	HG00732-consensus,HG001-consensus,HG002-consensus
TRAV31*01/n03	1	HG02011-v12-clr
TRAV31*01/n04	1	HG02818-v12-ccs
TRAV32*01/n01	5	HG02587-v12-clr,HG03065-v12-clr,HG03371-v12-clr,NA19240-consensus,NA19239-consensus
TRAV32*01/n02	1	HG002-consensus
TRAV32*01/n03	2	HG03009-v12-clr,NA19650-v12-clr
TRAV33*01/n01	1	NA19650-v12-clr
TRAV33*01/n02	1	HG02587-v12-clr
TRAV34*01/n01	3	HG03125-v12-ccs,NA19238-consensus,NA19240-consensus
TRAV35*02/n01	3	HG00732-consensus,HG001-consensus,HG002-consensus
TRAV35*02/n02	3	HG03125-v12-ccs,NA19238-consensus,NA19240-consensus
TRAV36/DV7*01/n01	20	HG00096-v12-clr,HG00864-v12-clr,HG01596-v12-clr,HG02492-v12-clr,HG03009-v12-clr,HG03683-v12-clr,HG03732-v12-clr,NA18534-v12-clr,NA18939-v12-clr,NA19650-v12-clr,NA19983-v12-clr,NA20509-v12-clr,NA20847-v12-clr,NA19238-consensus,HG00732-consensus,HG00512-consensus,HG001-consensus,HG002-consensus,HG00513-consensus,NA19239-consensus
TRAV37*01/n01	14	HG00864-v12-clr,HG02011-v12-clr,HG02492-v12-clr,HG02818-v12-ccs,HG03065-v12-clr,HG03371-v12-clr,HG03683-v12-clr,HG03732-v12-clr,NA18534-v12-clr,NA19983-v12-clr,NA19238-consensus,NA19240-consensus,HG00512-consensus,NA19239-consensus
TRAV37*01/n02	2	HG02587-v12-clr,HG03486-v12-ccs
TRAV37*01/n03	1	HG03009-v12-clr
TRAV38-1*03/n01	1	HG02011-v12-clr
TRAV39*01/n01	1	HG03371-v12-clr
TRAV41*01/n01	2	HG03371-v12-clr,NA19983-v12-clr
TRAV5*01/n01	1	HG02587-v12-clr
TRAV5*01/n02	1	HG03371-v12-clr
TRAV6*02/n01	13	HG00096-v12-clr,HG00171-v12-clr,HG03009-v12-clr,HG03065-v12-clr,HG03486-v12-ccs,NA18534-v12-clr,NA18939-v12-clr,HG00732-consensus,HG00733-consensus,NA19240-consensus,HG00514-consensus,NA19239-consensus,HG00513-consensus
TRAV6*02/n02	1	HG02818-v12-ccs
TRAV7*01/n01	1	NA12329-v12-clr
TRAV8-1*01/n01	1	HG002-consensus
TRAV8-1*01/n02	1	HG02818-v12-ccs
TRAV8-2*01/n01	9	HG03009-v12-clr,HG03125-v12-ccs,HG03732-v12-clr,NA18939-v12-clr,NA19238-consensus,NA19240-consensus,HG00733-consensus,NA19239-consensus,HG00731-consensus
TRAV8-2*01/n02	11	HG00864-v12-clr,HG01114-v12-clr,HG02011-v12-clr,HG02492-v12-clr,HG02818-v12-ccs,HG03486-v12-ccs,NA18534-v12-clr,HG00512-consensus,HG00514-consensus,NA19239-consensus,HG00513-consensus
TRAV8-3*01/n01	27	HG00096-v12-clr,HG00864-v12-clr,HG01114-v12-clr,HG01505-v12-clr,HG01596-v12-clr,HG02011-v12-clr,HG02492-v12-clr,HG02587-v12-clr,HG02818-v12-ccs,HG03065-v12-clr,HG03371-v12-clr,HG03486-v12-ccs,HG03683-v12-clr,HG03732-v12-clr,NA18534-v12-clr,NA19650-v12-clr,NA19983-v12-clr,NA20847-v12-clr,NA19238-consensus,HG00732-consensus,HG00512-consensus,HG00733-consensus,NA19240-consensus,HG001-consensus,HG002-consensus,HG00514-consensus,HG00513-consensus
TRAV8-4*01/n01	14	HG01596-v12-clr,HG02011-v12-clr,HG02587-v12-clr,HG02818-v12-ccs,HG03125-v12-ccs,HG03371-v12-clr,HG03486-v12-ccs,HG03732-v12-clr,NA18534-v12-clr,NA19983-v12-clr,NA19238-consensus,NA19240-consensus,HG00512-consensus,HG00514-consensus
TRAV8-4*01/n02	2	HG00171-v12-clr,NA18534-v12-clr
TRAV8-4*03/n01	1	HG03125-v12-ccs
TRAV8-5*01/n01	18	HG00096-v12-clr,HG00171-v12-clr,HG01505-v12-clr,HG02492-v12-clr,HG02818-v12-ccs,HG03009-v12-clr,HG03683-v12-clr,NA12329-v12-clr,NA18939-v12-clr,NA20509-v12-clr,NA20847-v12-clr,NA19238-consensus,CHM13-consensus,HG00731-consensus,HG001-consensus,HG00514-consensus,NA19239-consensus,HG00513-consensus
TRAV8-5*01/n02	15	HG00096-v12-clr,HG00171-v12-clr,HG01114-v12-clr,HG01505-v12-clr,HG01596-v12-clr,HG03009-v12-clr,HG03065-v12-clr,HG03732-v12-clr,NA12329-v12-clr,NA18534-v12-clr,NA19650-v12-clr,NA20847-v12-clr,HG00732-consensus,HG001-consensus,HG002-consensus
TRAV8-5*01/n03	12	HG01596-v12-clr,HG02587-v12-clr,HG02818-v12-ccs,HG03125-v12-ccs,HG03371-v12-clr,HG03486-v12-ccs,HG03732-v12-clr,NA18534-v12-clr,NA19238-consensus,NA19240-consensus,HG00512-consensus,HG00514-consensus
TRAV8-5*01/n04	4	HG01114-v12-clr,HG02492-v12-clr,HG03125-v12-ccs,HG00513-consensus
TRAV8-5*01/n05	1	HG00512-consensus
TRAV8-5*01/n06	1	HG02011-v12-clr
TRAV8-5*01/n07	1	HG02587-v12-clr
TRAV8-5*01/n08	1	NA19983-v12-clr
TRAV8-6*01/n01	4	HG02011-v12-clr,NA19238-consensus,NA19240-consensus,NA19239-consensus
TRAV8-7*01/n01	27	HG00096-v12-clr,HG00171-v12-clr,HG00864-v12-clr,HG01114-v12-clr,HG01505-v12-clr,HG02011-v12-clr,HG02492-v12-clr,HG02587-v12-clr,HG02818-v12-ccs,HG03009-v12-clr,HG03065-v12-clr,HG03371-v12-clr,HG03683-v12-clr,NA12329-v12-clr,NA18939-v12-clr,NA19983-v12-clr,NA20509-v12-clr,NA19238-consensus,HG00732-consensus,HG00512-consensus,HG00731-consensus,HG00733-consensus,NA19240-consensus,HG001-consensus,HG002-consensus,HG00514-consensus,CHM13-consensus
TRAV9-1*01/n01	5	HG03065-v12-clr,HG03125-v12-ccs,NA19983-v12-clr,NA19238-consensus,NA19240-consensus
TRAV9-1*01/n02	2	HG02011-v12-clr,HG02818-v12-ccs
TRAV9-2*02/n01	1	HG02587-v12-clr
TRBV1*01/n01	1	HG02587-v12-clr
TRBV10-3*01/n01	1	NA20509-v12-clr
TRBV11-1*01/n01	6	HG01114-v12-clr,HG02818-v12-ccs,HG03065-v12-clr,NA19238-consensus,NA19240-consensus,NA19239-consensus
TRBV11-1*01/n02	1	HG02011-v12-clr
TRBV11-2*01/n01	2	HG03065-v12-clr,HG03371-v12-clr
TRBV11-2*01/n02	1	NA20509-v12-clr
TRBV11-3*01/n01	1	HG03732-v12-clr
TRBV11-3*01/n02	1	NA19650-v12-clr
TRBV12-1*01/n01	10	HG00171-v12-clr,HG01114-v12-clr,HG01596-v12-clr,HG03125-v12-ccs,NA12329-v12-clr,NA18534-v12-clr,NA19650-v12-clr,NA19983-v12-clr,HG001-consensus,HG002-consensus
TRBV12-2*01/n01	12	HG00171-v12-clr,HG01114-v12-clr,HG01505-v12-clr,HG03065-v12-clr,HG03125-v12-ccs,HG03371-v12-clr,NA18534-v12-clr,NA19650-v12-clr,NA19983-v12-clr,NA20509-v12-clr,HG001-consensus,HG002-consensus
TRBV12-2*01/n02	3	NA12329-v12-clr,HG00733-consensus,HG00731-consensus
TRBV12-2*01/n03	1	HG03125-v12-ccs
TRBV12-3*01/n01	4	HG02818-v12-ccs,HG03125-v12-ccs,HG03371-v12-clr,NA19238-consensus
TRBV12-4*01/n01	9	HG00864-v12-clr,HG01114-v12-clr,NA18534-v12-clr,HG00732-consensus,HG00733-consensus,HG001-consensus,HG00514-consensus,NA19239-consensus,HG00513-consensus
TRBV12-4*01/n02	1	HG00731-consensus
TRBV12-4*01/n03	1	HG03065-v12-clr
TRBV12-5*01/n01	18	HG00171-v12-clr,HG00864-v12-clr,HG01505-v12-clr,HG01596-v12-clr,HG02011-v12-clr,HG02492-v12-clr,HG03009-v12-clr,HG03732-v12-clr,NA12329-v12-clr,NA18939-v12-clr,NA20509-v12-clr,HG00732-consensus,HG00512-consensus,CHM13-consensus,HG001-consensus,HG002-consensus,HG00514-consensus,HG00513-consensus
TRBV13*01/n01	1	HG03371-v12-clr
TRBV13*01/n02	1	HG01596-v12-clr
TRBV14*01/n01	1	HG01596-v12-clr
TRBV15*02/n01	1	NA20847-v12-clr
TRBV17*01/n01	1	HG00864-v12-clr
TRBV17*02/n01	1	HG03732-v12-clr
TRBV18*01/n01	9	HG02011-v12-clr,HG02587-v12-clr,HG03065-v12-clr,HG03125-v12-ccs,HG03486-v12-ccs,NA19650-v12-clr,NA19983-v12-clr,NA19238-consensus,NA19239-consensus
TRBV18*01/n02	1	HG03371-v12-clr
TRBV19*01/n01	6	HG00864-v12-clr,NA18534-v12-clr,HG00733-consensus,HG00732-consensus,HG00512-consensus,HG00514-consensus
TRBV19*01/n02	1	HG02587-v12-clr
TRBV19*01/n03	1	HG01114-v12-clr
TRBV20/OR9-2*01/n01	1	HG01596-v12-clr
TRBV20/OR9-2*01/n02	1	HG01596-v12-clr
TRBV20/OR9-2*02/n01	19	HG00171-v12-clr,HG00864-v12-clr,HG01114-v12-clr,HG02011-v12-clr,HG03009-v12-clr,HG03065-v12-clr,HG03683-v12-clr,NA12329-v12-clr,NA18939-v12-clr,NA19650-v12-clr,NA20509-v12-clr,NA20847-v12-clr,HG00732-consensus,HG00512-consensus,HG00731-consensus,HG00733-consensus,HG001-consensus,HG002-consensus,CHM13-consensus
TRBV20/OR9-2*02/n02	1	HG00096-v12-clr
TRBV20/OR9-2*02/n03	1	HG01596-v12-clr
TRBV21-1*01/n01	3	HG03125-v12-ccs,NA19238-consensus,NA19239-consensus
TRBV21-1*01/n02	3	HG02011-v12-clr,HG02587-v12-clr,HG03065-v12-clr
TRBV21-1*01/n03	1	HG00864-v12-clr
TRBV21-1*01/n04	1	HG03371-v12-clr
TRBV21-1*02/n01	1	HG01505-v12-clr
TRBV21-1*02/n02	1	HG02492-v12-clr
TRBV21/OR9-2*01/n01	1	NA20847-v12-clr
TRBV21/OR9-2*01/n02	1	HG00096-v12-clr
TRBV21/OR9-2*01/n03	1	NA20847-v12-clr
TRBV21/OR9-2*01/n04	1	HG01114-v12-clr
TRBV21/OR9-2*01/n05	1	HG01596-v12-clr
TRBV21/OR9-2*01/n06	1	HG01596-v12-clr
TRBV22-1*01/n01	1	HG01505-v12-clr
TRBV22-1*01/n02	1	NA20847-v12-clr
TRBV22-1*01/n03	1	NA19650-v12-clr
TRBV22-1*01/n04	1	HG01114-v12-clr
TRBV22/OR9-2*01/n01	1	HG00096-v12-clr
TRBV22/OR9-2*01/n02	1	NA20847-v12-clr
TRBV22/OR9-2*01/n03	1	HG01114-v12-clr
TRBV22/OR9-2*01/n04	1	HG01505-v12-clr
TRBV22/OR9-2*01/n05	1	NA20847-v12-clr
TRBV22/OR9-2*01/n06	1	HG02011-v12-clr
TRBV23-1*01/n01	1	NA20847-v12-clr
TRBV23-1*01/n02	1	NA19650-v12-clr
TRBV23-1*01/n03	1	NA19650-v12-clr
TRBV23-1*01/n04	1	HG01505-v12-clr
TRBV23-1*01/n05	1	HG00096-v12-clr
TRBV23-1*01/n06	1	HG01505-v12-clr
TRBV23/OR9-2*01/n01	1	HG00096-v12-clr
TRBV23/OR9-2*01/n02	1	HG01114-v12-clr
TRBV23/OR9-2*01/n03	1	NA20847-v12-clr
TRBV23/OR9-2*01/n04	1	NA20847-v12-clr
TRBV23/OR9-2*01/n05	1	HG01505-v12-clr
TRBV24-1*01/n01	1	NA19650-v12-clr
TRBV24-1*01/n02	1	HG03009-v12-clr
TRBV24-1*01/n03	1	NA19650-v12-clr
TRBV24-1*02/n01	1	HG01505-v12-clr
TRBV24-1*02/n02	1	NA20847-v12-clr
TRBV24-1*02/n03	1	HG00096-v12-clr
TRBV24/OR9-2*02/n01	22	HG00171-v12-clr,HG00864-v12-clr,HG01114-v12-clr,HG02011-v12-clr,HG02492-v12-clr,HG02587-v12-clr,HG02818-v12-ccs,HG03009-v12-clr,HG03065-v12-clr,HG03683-v12-clr,NA12329-v12-clr,NA18534-v12-clr,NA18939-v12-clr,NA19983-v12-clr,NA20509-v12-clr,HG00732-consensus,HG00512-consensus,CHM13-consensus,HG00733-consensus,NA19240-consensus,HG002-consensus,NA19239-consensus
TRBV24/OR9-2*02/n02	1	NA20847-v12-clr
TRBV24/OR9-2*02/n03	1	NA19650-v12-clr
TRBV24/OR9-2*02/n04	1	HG00096-v12-clr
TRBV24/OR9-2*02/n05	1	HG00096-v12-clr
TRBV24/OR9-2*02/n06	1	NA20847-v12-clr
TRBV24/OR9-2*03/n01	5	HG02818-v12-ccs,HG03125-v12-ccs,HG03486-v12-ccs,NA19238-consensus,NA19239-consensus
TRBV24/OR9-2*03/n02	2	HG03683-v12-clr,HG03732-v12-clr
TRBV24/OR9-2*03/n03	1	HG01596-v12-clr
TRBV24/OR9-2*03/n04	1	HG01505-v12-clr
TRBV25-1*01/n01	1	NA19650-v12-clr
TRBV25-1*01/n02	1	HG03371-v12-clr
TRBV25-1*01/n03	1	HG03065-v12-clr
TRBV25-1*01/n04	1	HG00096-v12-clr
TRBV25-1*01/n05	1	HG03009-v12-clr
TRBV25-1*01/n06	1	HG03065-v12-clr
TRBV25-1*01/n07	1	HG01505-v12-clr
TRBV25-1*01/n08	1	HG01505-v12-clr
TRBV25-1*01/n09	1	HG00096-v12-clr
TRBV25-1*01/n10	1	NA19650-v12-clr
TRBV25-1*01/n11	1	HG00864-v12-clr
TRBV25/OR9-2*01/n01	9	HG01505-v12-clr,HG02818-v12-ccs,HG03125-v12-ccs,HG03371-v12-clr,HG03486-v12-ccs,HG03683-v12-clr,NA18534-v12-clr,HG001-consensus,HG002-consensus
TRBV25/OR9-2*01/n02	4	HG02011-v12-clr,HG02587-v12-clr,NA19983-v12-clr,NA19239-consensus
TRBV25/OR9-2*01/n03	2	HG01505-v12-clr,HG03009-v12-clr
TRBV25/OR9-2*01/n04	1	NA19650-v12-clr
TRBV25/OR9-2*01/n05	1	HG01596-v12-clr
TRBV25/OR9-2*01/n06	1	NA20847-v12-clr
TRBV25/OR9-2*01/n07	1	HG03065-v12-clr
TRBV25/OR9-2*01/n08	1	NA19650-v12-clr
TRBV25/OR9-2*01/n09	1	HG03065-v12-clr
TRBV26*01/n01	3	HG03065-v12-clr,HG03125-v12-ccs,NA19239-consensus
TRBV26*01/n02	2	HG02011-v12-clr,HG02587-v12-clr
TRBV26*01/n03	1	HG03371-v12-clr
TRBV26*01/n04	1	HG03065-v12-clr
TRBV26/OR9-2*02/n01	5	HG02818-v12-ccs,HG03125-v12-ccs,HG03371-v12-clr,HG03486-v12-ccs,NA19238-consensus
TRBV26/OR9-2*02/n02	1	HG01596-v12-clr
TRBV26/OR9-2*02/n03	1	HG01114-v12-clr
TRBV26/OR9-2*02/n04	1	HG01596-v12-clr
TRBV26/OR9-2*02/n05	1	NA19650-v12-clr
TRBV27*01/n01	2	HG03371-v12-clr,NA19238-consensus
TRBV27*01/n02	1	HG02492-v12-clr
TRBV28*01/n01	1	NA19238-consensus
TRBV28*01/n02	1	HG02492-v12-clr
TRBV29-1*01/n01	2	NA19238-consensus,NA19240-consensus
TRBV29-1*01/n02	1	NA19650-v12-clr
TRBV29-1*01/n03	1	NA18939-v12-clr
TRBV29/OR9-2*02/n01	1	HG01596-v12-clr
TRBV30*03/n01	6	HG01114-v12-clr,HG01505-v12-clr,HG01596-v12-clr,HG02011-v12-clr,CHM13-consensus,HG002-consensus
TRBV30*04/n01	1	HG03125-v12-ccs
TRBV4-1*01/n01	2	NA19983-v12-clr,NA19238-consensus
TRBV4-2*01/n01	1	HG03371-v12-clr
TRBV4-3*01/n01	1	HG001-consensus
TRBV5-1*01/n01	1	NA20847-v12-clr
TRBV5-1*01/n02	1	HG01596-v12-clr
TRBV5-2*01/n01	11	HG00171-v12-clr,HG01114-v12-clr,HG01596-v12-clr,HG03125-v12-ccs,NA12329-v12-clr,NA18534-v12-clr,NA19650-v12-clr,NA19983-v12-clr,NA20509-v12-clr,HG001-consensus,HG002-consensus
TRBV5-2*01/n02	3	HG03125-v12-ccs,NA19983-v12-clr,NA19239-consensus
TRBV5-2*01/n03	2	HG03065-v12-clr,HG03371-v12-clr
TRBV5-3*01/n01	6	HG01114-v12-clr,HG02818-v12-ccs,HG03065-v12-clr,NA19238-consensus,NA19240-consensus,NA19239-consensus
TRBV5-3*01/n02	1	HG001-consensus
TRBV5-3*01/n03	1	HG03683-v12-clr
TRBV5-3*01/n04	1	HG02587-v12-clr
TRBV5-4*01/n01	4	HG03065-v12-clr,HG03371-v12-clr,HG03486-v12-ccs,NA19983-v12-clr
TRBV5-4*03/n01	1	HG03125-v12-ccs
TRBV5-4*03/n02	1	HG03371-v12-clr
TRBV5-5*01/n01	1	HG03486-v12-ccs
TRBV5-6*01/n01	4	HG02011-v12-clr,NA19238-consensus,NA19240-consensus,NA19239-consensus
TRBV5-6*01/n02	3	HG02818-v12-ccs,NA19240-consensus,NA19239-consensus
TRBV5-6*01/n03	1	HG00512-consensus
TRBV5-6*01/n04	1	HG00171-v12-clr
TRBV5-7*01/n01	5	HG02011-v12-clr,HG02818-v12-ccs,NA19238-consensus,NA19240-consensus,NA19239-consensus
TRBV5-7*01/n02	1	NA20509-v12-clr
TRBV5-8*01/n01	8	HG02587-v12-clr,HG03125-v12-ccs,HG03486-v12-ccs,NA19650-v12-clr,NA19983-v12-clr,NA19238-consensus,NA19240-consensus,NA19239-consensus
TRBV5-8*01/n02	9	HG01114-v12-clr,HG02011-v12-clr,HG02587-v12-clr,HG03065-v12-clr,HG03371-v12-clr,HG03683-v12-clr,HG03732-v12-clr,NA18534-v12-clr,HG001-consensus
TRBV5-8*01/n03	1	HG01596-v12-clr
TRBV6-2*01/n01	1	NA18939-v12-clr
TRBV6-2*01/n02	1	HG01114-v12-clr
TRBV6-4*01/n01	1	HG02818-v12-ccs
TRBV6-5*01/n01	1	NA20847-v12-clr
TRBV6-6*01/n01	3	HG02011-v12-clr,NA19240-consensus,NA19239-consensus
TRBV6-6*03/n01	2	HG03125-v12-ccs,HG03371-v12-clr
TRBV6-7*01/n01	1	NA20847-v12-clr
TRBV6-7*01/n02	1	HG03125-v12-ccs
TRBV6-7*01/n03	1	HG03371-v12-clr
TRBV6-8*01/n01	5	HG02011-v12-clr,HG02818-v12-ccs,NA19238-consensus,NA19240-consensus,NA19239-consensus
TRBV6-8*01/n02	4	HG02587-v12-clr,HG03065-v12-clr,HG03371-v12-clr,HG03486-v12-ccs
TRBV6-8*01/n03	1	HG03125-v12-ccs
TRBV6-9*01/n01	17	HG01114-v12-clr,HG02011-v12-clr,HG02587-v12-clr,HG02818-v12-ccs,HG03065-v12-clr,HG03125-v12-ccs,HG03371-v12-clr,HG03486-v12-ccs,HG03683-v12-clr,HG03732-v12-clr,NA18534-v12-clr,NA19650-v12-clr,NA19983-v12-clr,NA19238-consensus,NA19240-consensus,HG001-consensus,NA19239-consensus
TRBV7-1*01/n01	1	HG03486-v12-ccs
TRBV7-1*01/n02	1	NA19650-v12-clr
TRBV7-2*02/n01	1	NA20509-v12-clr
TRBV7-3*01/n01	2	HG02492-v12-clr,HG03732-v12-clr
TRBV7-3*01/n02	2	HG03065-v12-clr,HG03371-v12-clr
TRBV7-3*01/n03	1	NA19650-v12-clr
TRBV7-3*02/n01	1	HG03065-v12-clr
TRBV7-4*01/n01	3	NA12329-v12-clr,HG00733-consensus,HG00731-consensus
TRBV7-4*01/n02	2	NA19238-consensus,NA19240-consensus
TRBV7-4*01/n03	2	HG03125-v12-ccs,HG03371-v12-clr
TRBV7-5*01/n01	3	HG02011-v12-clr,NA19240-consensus,NA19239-consensus
TRBV7-5*01/n02	4	HG03065-v12-clr,HG03371-v12-clr,HG03486-v12-ccs,NA19983-v12-clr
TRBV7-5*01/n03	1	HG02587-v12-clr
TRBV7-6*01/n01	1	HG01114-v12-clr
TRBV7-6*01/n02	1	HG03371-v12-clr
TRBV7-7*01/n01	22	HG00096-v12-clr,HG00864-v12-clr,HG01114-v12-clr,HG01505-v12-clr,HG02492-v12-clr,HG02818-v12-ccs,HG03009-v12-clr,HG03486-v12-ccs,HG03683-v12-clr,HG03732-v12-clr,NA12329-v12-clr,NA18534-v12-clr,NA18939-v12-clr,NA20847-v12-clr,CHM13-consensus,HG00512-consensus,HG00731-consensus,HG00733-consensus,HG001-consensus,HG002-consensus,HG00514-consensus,HG00513-consensus
TRBV7-7*01/n02	2	HG03371-v12-clr,NA19983-v12-clr
TRBV7-8*01/n01	1	HG01505-v12-clr
TRBV7-8*01/n02	1	HG01596-v12-clr
TRBV7-8*01/n03	1	HG03009-v12-clr
TRBV7-9*03/n01	3	HG02818-v12-ccs,HG03371-v12-clr,NA19238-consensus
TRBV7-9*03/n02	1	NA19983-v12-clr
TRBV8-1*02/n01	25	HG00096-v12-clr,HG00171-v12-clr,HG00864-v12-clr,HG01505-v12-clr,HG02492-v12-clr,HG02587-v12-clr,HG02818-v12-ccs,HG03009-v12-clr,HG03065-v12-clr,HG03371-v12-clr,HG03486-v12-ccs,HG03683-v12-clr,HG03732-v12-clr,NA12329-v12-clr,NA18939-v12-clr,NA19650-v12-clr,NA20509-v12-clr,NA20847-v12-clr,HG00732-consensus,HG00512-consensus,HG00731-consensus,HG00733-consensus,HG001-consensus,HG00514-consensus,HG00513-consensus
TRBV8-2*02/n01	6	HG01114-v12-clr,HG02818-v12-ccs,HG03065-v12-clr,NA19238-consensus,NA19240-consensus,NA19239-consensus
TRBVA*01/n01	3	HG03065-v12-clr,HG03125-v12-ccs,NA19239-consensus
TRBVA*01/n02	1	HG03009-v12-clr
TRBVA*02/n01	1	HG00096-v12-clr
TRBVA*02/n02	1	HG03065-v12-clr
TRBVA*02/n03	1	NA19650-v12-clr
TRBVA*02/n04	1	NA20509-v12-clr
TRBVA/OR9-2*01/n01	1	HG00732-consensus
TRBVA/OR9-2*01/n02	1	HG00864-v12-clr
TRBVA/OR9-2*01/n03	1	NA20847-v12-clr
TRBVA/OR9-2*01/n04	1	NA20847-v12-clr
TRBVA/OR9-2*01/n05	1	NA19650-v12-clr
TRBVA/OR9-2*01/n06	1	HG00864-v12-clr
TRBVB*01/n01	1	HG03371-v12-clr
TRBVB*02/n01	1	NA19238-consensus
TRBVB*02/n02	1	HG02492-v12-clr
TRDV1*01/n01	1	HG03732-v12-clr
TRDV3*01/n01	3	HG02587-v12-clr,NA19240-consensus,NA19239-consensus
TRGV1*01/n01	1	NA19650-v12-clr
TRGV10*02/n01	5	HG01505-v12-clr,HG01596-v12-clr,HG02587-v12-clr,HG03065-v12-clr,NA18534-v12-clr
TRGV10*02/n02	3	HG03125-v12-ccs,HG03486-v12-ccs,NA19983-v12-clr
TRGV10*02/n03	2	HG01505-v12-clr,NA12329-v12-clr
TRGV10*02/n04	1	HG02492-v12-clr
TRGV10*02/n05	1	HG03371-v12-clr
TRGV11*01/n01	12	HG02587-v12-clr,HG02818-v12-ccs,HG03065-v12-clr,HG03125-v12-ccs,HG03371-v12-clr,HG03486-v12-ccs,NA18534-v12-clr,NA19983-v12-clr,NA20847-v12-clr,NA19238-consensus,NA19240-consensus,NA19239-consensus
TRGV11*01/n02	5	HG00171-v12-clr,NA18939-v12-clr,HG00512-consensus,HG002-consensus,HG00514-consensus
TRGV11*01/n03	2	HG03125-v12-ccs,NA19983-v12-clr
TRGV3*01/n01	4	HG02011-v12-clr,NA19983-v12-clr,NA19240-consensus,NA19239-consensus
TRGV3*01/n02	4	HG02818-v12-ccs,HG03486-v12-ccs,NA19238-consensus,NA19240-consensus
TRGV3*01/n03	2	HG02587-v12-clr,HG03065-v12-clr
TRGV3*01/n04	1	NA19650-v12-clr
TRGV4*02/n01	9	HG00096-v12-clr,HG02011-v12-clr,HG02587-v12-clr,HG03065-v12-clr,HG03125-v12-ccs,NA19983-v12-clr,NA19240-consensus,HG002-consensus,NA19239-consensus
TRGV4*02/n02	2	HG00733-consensus,HG00731-consensus
TRGV4*02/n03	4	HG02818-v12-ccs,HG03486-v12-ccs,NA19238-consensus,NA19240-consensus
TRGV4*02/n04	4	HG01114-v12-clr,HG03732-v12-clr,HG00512-consensus,HG00514-consensus
TRGV5*01/n01	4	HG02818-v12-ccs,HG03486-v12-ccs,NA19238-consensus,NA19240-consensus
TRGV5*01/n02	1	HG01505-v12-clr
TRGV5P*02/n01	10	HG00171-v12-clr,HG00864-v12-clr,HG01596-v12-clr,HG03009-v12-clr,HG03125-v12-ccs,HG03683-v12-clr,NA18534-v12-clr,NA18939-v12-clr,NA19650-v12-clr,CHM13-consensus
TRGV5P*02/n02	1	NA18939-v12-clr
TRGV5P*02/n03	1	HG02011-v12-clr
TRGV5P*02/n04	1	HG03065-v12-clr
TRGV6*01/n01	7	HG01505-v12-clr,HG02587-v12-clr,NA20509-v12-clr,HG00733-consensus,HG00732-consensus,HG001-consensus,HG002-consensus
TRGV6*01/n02	6	HG01114-v12-clr,HG03065-v12-clr,HG03732-v12-clr,NA19650-v12-clr,HG00512-consensus,HG00514-consensus
TRGV6*01/n03	1	HG03125-v12-ccs
TRGV7*01/n01	14	HG00096-v12-clr,HG01505-v12-clr,HG02492-v12-clr,HG02587-v12-clr,HG02818-v12-ccs,HG03065-v12-clr,HG03371-v12-clr,HG03486-v12-ccs,NA12329-v12-clr,NA19983-v12-clr,NA20509-v12-clr,NA20847-v12-clr,NA19238-consensus,NA19240-consensus
TRGV8*01/n01	3	HG02818-v12-ccs,HG03065-v12-clr,HG03486-v12-ccs
TRGV9*01/n01	16	HG00096-v12-clr,HG00864-v12-clr,HG01596-v12-clr,HG02818-v12-ccs,HG03125-v12-ccs,HG03371-v12-clr,HG03683-v12-clr,HG03732-v12-clr,NA18534-v12-clr,NA20847-v12-clr,HG00732-consensus,HG00731-consensus,HG001-consensus,HG002-consensus,HG00514-consensus,HG00513-consensus
TRGV9*01/n02	2	HG02011-v12-clr,HG03009-v12-clr
TRGV9*01/n03	1	NA19983-v12-clr
TRGVA*01/n01	10	HG00864-v12-clr,HG03009-v12-clr,HG03732-v12-clr,NA18534-v12-clr,NA18939-v12-clr,HG00733-consensus,CHM13-consensus,HG001-consensus,HG00513-consensus,HG00731-consensus
TRGVA*01/n02	6	HG02818-v12-ccs,HG03065-v12-clr,HG03371-v12-clr,HG03486-v12-ccs,NA19983-v12-clr,NA19238-consensus
TRGVA*01/n03	1	HG02011-v12-clr
TRGVB*01/n01	1	NA19239-consensus
TRGVB*02/n01	1	HG00171-v12-clr
TRGVB*02/n02	1	HG01505-v12-clr
TRGVB*02/n03	1	NA18534-v12-clr
